Command,Parameter,Function,Example,Response,Supported_X1200W_EU
PW,ON,POWER ON/STANDBY change,PWON<CR>,PWON<CR>,✔
PW,STANDBY,POWER STANDBY,PWSTANDBY<CR>,PWSTANDBY<CR>,✔
PW,?,Return PW Status,PW?<CR>,,✔
MV,UP,MASTER VOLUME UP,MVUP<CR>,MV80<CR>,✔
MV,DOWN,MASTER VOLUME DOWN,MVDOWN<CR>,MV80<CR>,✔
MV,**,Direct volume change (00-98),MV80<CR>,MV80<CR>,✔
MV,?,Return MV Status,MV?<CR>,,✔
MU,ON,OUTPUT MUTE ON,MUON<CR>,MUON<CR>,✔
MU,OFF,OUTPUT MUTE OFF,MUOFF<CR>,MUOFF<CR>,✔
MU,?,Return MU Status,MU?<CR>,,✔
SI,CD,Select INPUT source CD,SICD<CR>,SICD<CR>,✔
SI,TUNER,Select INPUT source TUNER,SITUNER<CR>,SITUNER<CR>,✔
SI,DVD,Select INPUT source DVD/Blu-ray,SIDVD<CR>,SIDVD<CR>,✔
SI,BD,Select INPUT source Blu-ray,SIBD<CR>,SIBD<CR>,✔
SI,TV,Select INPUT source TV AUDIO,SITV<CR>,SITV<CR>,✔
SI,SAT/CBL,Select INPUT source CBL/SAT,SISAT/CBL<CR>,SISAT/CBL<CR>,✔
SI,MPLAY,Select INPUT source MEDIA PLAYER,SIMPLAY<CR>,SIMPLAY<CR>,✔
SI,GAME,Select INPUT source GAME,SIGAME<CR>,SIGAME<CR>,✔
SI,NET,Select INPUT source Online Music,SINET<CR>,SINET<CR>,✔
SI,IRADIO,Select INPUT source Internet Radio,SIIRADIO<CR>,SIIRADIO<CR>,✔
SI,SERVER,Select INPUT source Media Server,SISERVER<CR>,SISERVER<CR>,✔
SI,FAVORITES,Select INPUT source Favorites,SIFAVORITES<CR>,SIFAVORITES<CR>,✔
SI,AUX1,Select INPUT source AUX1,SIAUX1<CR>,SIAUX1<CR>,✔
SI,BT,Select INPUT source Bluetooth,SIBT<CR>,SIBT<CR>,✔
SI,USB/IPOD,Select INPUT source USB/iPod,SIUSB/IPOD<CR>,SIUSB/IPOD<CR>,✔
SI,USB,Select INPUT source USB and Start Playback,SIUSB<CR>,SIUSB<CR>,✔
SI,IPD,Select INPUT source iPod DIRECT,SIIPD<CR>,SIIPD<CR>,✔
SI,IRP,Select INPUT source iRadio Recent Play,SIIRP<CR>,SIIRP<CR>,✔
SI,FVP,Select INPUT source Favorites Play,SIFVP<CR>,SIFVP<CR>,✔
SI,?,Return SI Status,SI?<CR>,,✔
ZM,ON,MAIN-ZONE ON,ZMON<CR>,ZMON<CR>,✔
ZM,OFF,MAIN-ZONE OFF,ZMOFF<CR>,ZMOFF<CR>,✔
ZM,?,Return ZM Status,ZM?<CR>,,✔
SD,AUTO,Set AUTO mode (HDMI>>DIGITAL>>ANALOG),SDAUTO<CR>,SDAUTO<CR>,✔
SD,HDMI,Set force HDMI INPUT mode,SDHDMI<CR>,SDHDMI<CR>,✔
SD,DIGITAL,Set force DIGITAL INPUT mode,SDDIGITAL<CR>,SDDIGITAL<CR>,✔
SD,ANALOG,Set force ANALOG INPUT mode,SDANALOG<CR>,SDANALOG<CR>,✔
SD,?,Return SD Status,SD?<CR>,,✔
DC,AUTO,Set DIGITAL INPUT AUTO mode,DCAUTO<CR>,DCAUTO<CR>,✔
DC,PCM,Set DIGITAL INPUT force PCM mode,DCPCM<CR>,DCPCM<CR>,✔
DC,DTS,Set DIGITAL INPUT force DTS mode,DCDTS<CR>,DCDTS<CR>,✔
DC,?,Return DC Status,DC?<CR>,,✔
SV,DVD,VIDEO SELECT DVD,SVDVD<CR>,SVDVD<CR>,✔
SV,BD,VIDEO SELECT BD,SVBD<CR>,SVBD<CR>,✔
SV,TV,VIDEO SELECT TV,SVTV<CR>,SVTV<CR>,✔
SV,SAT/CBL,VIDEO SELECT SAT/CBL,SVSAT/CBL<CR>,SVSAT/CBL<CR>,✔
SV,MPLAY,VIDEO SELECT MEDIA PLAYER,SVMPLAY<CR>,SVMPLAY<CR>,✔
SV,GAME,VIDEO SELECT GAME,SVGAME<CR>,SVGAME<CR>,✔
SV,AUX1,VIDEO SELECT AUX1,SVAUX1<CR>,SVAUX1<CR>,✔
SV,CD,VIDEO SELECT CD,SVCD<CR>,SVCD<CR>,-
SV,ON,VIDEO SELECT ON,SVON<CR>,SVON<CR>,✔
SV,OFF,VIDEO SELECT OFF,SVOFF<CR>,SVOFF<CR>,✔
SV,?,Return SV Status,SV?<CR>,SVDVD<CR> SVON<CR>,✔
SLP,OFF,SLEEP TIMER OFF,SLPOFF<CR>,SLPOFF<CR>,✔
SLP,***,SLEEP TIMER (001-120 min),SLP120<CR>,SLP120<CR>,✔
SLP,?,Return SLP Status,SLP?<CR>,,✔
STBY,15M,Auto Standby 15min,STBY15M<CR>,STBY15M<CR>,✔
STBY,30M,Auto Standby 30min,STBY30M<CR>,STBY30M<CR>,✔
STBY,60M,Auto Standby 60min,STBY60M<CR>,STBY60M<CR>,✔
STBY,OFF,Auto Standby OFF,STBYOFF<CR>,STBYOFF<CR>,✔
STBY,?,Return STBY Status,STBY?<CR>,,✔
ECO,ON,ECO mode ON,ECOON<CR>,ECOON<CR>,✔
ECO,AUTO,ECO mode AUTO,ECOAUTO<CR>,ECOAUTO<CR>,✔
ECO,OFF,ECO mode OFF,ECOOFF<CR>,ECOOFF<CR>,✔
ECO,?,Return ECO Status,ECO?<CR>,,✔
MS,MOVIE,Select SURROUND mode MOVIE,MSMOVIE<CR>,MSMOVIE<CR>,✔
MS,MUSIC,Select SURROUND mode MUSIC,MSMUSIC<CR>,MSMUSIC<CR>,✔
MS,GAME,Select SURROUND mode GAME,MSGAME<CR>,MSGAME<CR>,✔
MS,DIRECT,Select SURROUND mode DIRECT,MSDIRECT<CR>,MSDIRECT<CR>,✔
MS,PURE DIRECT,Select SURROUND mode PURE DIRECT,MSPURE DIRECT<CR>,MSPURE DIRECT<CR>,-
MS,STEREO,Select SURROUND mode STEREO,MSSTEREO<CR>,MSSTEREO<CR>,✔
MS,AUTO,Select SURROUND mode AUTO,MSAUTO<CR>,MSAUTO<CR>,✔
MS,DOLBY DIGITAL,Dolby Digital,MSDOLBY DIGITAL<CR>,MSDOLBY DIGITAL<CR>,✔
MS,DOLBY SURROUND,Dolby Surround,MSDOLBY SURROUND<CR>,MSDOLBY SURROUND<CR>,✔
MS,DOLBY ATMOS,Dolby Atmos,MSDOLBY ATMOS<CR>,MSDOLBY ATMOS<CR>,✔
MS,DOLBY D+DS,Dolby Digital + Dolby Surround,MSDOLBY D+DS<CR>,MSDOLBY D+DS<CR>,✔
MS,DTS SURROUND,DTS Surround,MSDTS SURROUND<CR>,MSDTS SURROUND<CR>,✔
MS,DTS ES DSCRT6.1,DTS ES Discrete 6.1,MSDTS ES DSCRT6.1<CR>,MSDTS ES DSCRT6.1<CR>,✔
MS,DTS ES MTRX6.1,DTS ES Matrix 6.1,MSDTS ES MTRX6.1<CR>,MSDTS ES MTRX6.1<CR>,✔
MS,DTS96/24,DTS 96/24,MSDTS96/24<CR>,MSDTS96/24<CR>,✔
MS,DTS96 ES MTRX,DTS 96 ES Matrix,MSDTS96 ES MTRX<CR>,MSDTS96 ES MTRX<CR>,✔
MS,DTS+NEURAL:X,DTS + Neural:X,MSDTS+NEURAL:X<CR>,MSDTS+NEURAL:X<CR>,✔
MS,DTS ES MTRX+NEURAL:X,DTS ES Matrix + Neural:X,MSDTS ES MTRX+NEURAL:X<CR>,MSDTS ES MTRX+NEURAL:X<CR>,✔
MS,DTS ES DSCRT+NEURAL:X,DTS ES Discrete + Neural:X,MSDTS ES DSCRT+NEURAL:X<CR>,MSDTS ES DSCRT+NEURAL:X<CR>,✔
MS,MULTI CH IN,Multi Channel In,MSMULTI CH IN<CR>,MSMULTI CH IN<CR>,✔
MS,M CH IN+DS,Multi CH In + Dolby Surround,MSM CH IN+DS<CR>,MSM CH IN+DS<CR>,✔
MS,MULTI CH IN 7.1,Multi Channel In 7.1,MSMULTI CH IN 7.1<CR>,MSMULTI CH IN 7.1<CR>,✔
MS,M CH IN+NEURAL:X,Multi CH In + Neural:X,MSM CH IN+NEURAL:X<CR>,MSM CH IN+NEURAL:X<CR>,✔
MS,DOLBY D+,Dolby Digital Plus,MSDOLBY D+<CR>,MSDOLBY D+<CR>,✔
MS,DOLBY D+ +DS,Dolby D+ + Dolby Surround,MSDOLBY D+ +DS<CR>,MSDOLBY D+ +DS<CR>,✔
MS,DOLBY HD,Dolby HD,MSDOLBY HD<CR>,MSDOLBY HD<CR>,✔
MS,DOLBY HD+DS,Dolby HD + Dolby Surround,MSDOLBY HD+DS<CR>,MSDOLBY HD+DS<CR>,✔
MS,DTS HD,DTS HD,MSDTS HD<CR>,MSDTS HD<CR>,✔
MS,DTS HD MSTR,DTS HD Master,MSDTS HD MSTR<CR>,MSDTS HD MSTR<CR>,✔
MS,DTS HD+NEURAL:X,DTS HD + Neural:X,MSDTS HD+NEURAL:X<CR>,MSDTS HD+NEURAL:X<CR>,✔
MS,DTS:X,DTS:X,MSDTS:X<CR>,MSDTS:X<CR>,✔
MS,DTS:X MSTR,DTS:X Master,MSDTS:X MSTR<CR>,MSDTS:X MSTR<CR>,✔
MS,DTS EXPRESS,DTS Express,MSDTS EXPRESS<CR>,MSDTS EXPRESS<CR>,✔
MS,DTS ES 8CH DSCRT,DTS ES 8CH Discrete,MSDTS ES 8CH DSCRT<CR>,MSDTS ES 8CH DSCRT<CR>,✔
MS,NEURAL:X,Neural:X,MSNEURAL:X<CR>,MSNEURAL:X<CR>,✔
MS,MCH STEREO,Multi Channel Stereo,MSMCH STEREO<CR>,MSMCH STEREO<CR>,✔
MS,ROCK ARENA,Rock Arena,MSROCK ARENA<CR>,MSROCK ARENA<CR>,✔
MS,JAZZ CLUB,Jazz Club,MSJAZZ CLUB<CR>,MSJAZZ CLUB<CR>,✔
MS,MONO MOVIE,Mono Movie,MSMONO MOVIE<CR>,MSMONO MOVIE<CR>,✔
MS,MATRIX,Matrix,MSMATRIX<CR>,MSMATRIX<CR>,✔
MS,VIDEO GAME,Video Game,MSVIDEO GAME<CR>,MSVIDEO GAME<CR>,✔
MS,VIRTUAL,Virtual,MSVIRTUAL<CR>,MSVIRTUAL<CR>,✔
MS,LEFT,Left (returns STEREO),MSLEFT<CR>,MSSTEREO<CR>,✔
MS,RIGHT,Right (returns STEREO),MSRIGHT<CR>,MSSTEREO<CR>,✔
MS,?,Return MS Status,MS?<CR>,,✔
MS,QUICK1,Quick Select 1,MSQUICK1<CR>,MSQUICK1<CR>,✔
MS,QUICK2,Quick Select 2,MSQUICK2<CR>,MSQUICK2<CR>,✔
MS,QUICK3,Quick Select 3,MSQUICK3<CR>,MSQUICK3<CR>,✔
MS,QUICK4,Quick Select 4,MSQUICK4<CR>,MSQUICK4<CR>,✔
MS,QUICK5,Quick Select 5,MSQUICK5<CR>,MSQUICK5<CR>,✔
MS,QUICK1 MEMORY,Quick Select 1 Memory,MSQUICK1 MEMORY<CR>,MSQUICK1 MEMORY<CR>,✔
MS,QUICK2 MEMORY,Quick Select 2 Memory,MSQUICK2 MEMORY<CR>,MSQUICK2 MEMORY<CR>,✔
MS,QUICK3 MEMORY,Quick Select 3 Memory,MSQUICK3 MEMORY<CR>,MSQUICK3 MEMORY<CR>,✔
MS,QUICK4 MEMORY,Quick Select 4 Memory,MSQUICK4 MEMORY<CR>,MSQUICK4 MEMORY<CR>,✔
MS,QUICK5 MEMORY,Quick Select 5 Memory,MSQUICK5 MEMORY<CR>,MSQUICK5 MEMORY<CR>,✔
MS,QUICK ?,Return MSQUICK Status,MSQUICK ?<CR>,,✔
CV,FL UP,CHANNEL VOLUME FRONT L UP,CVFL UP<CR>,CVFL 50<CR>,✔
CV,FL DOWN,CHANNEL VOLUME FRONT L DOWN,CVFL DOWN<CR>,CVFL 50<CR>,✔
CV,FL **,CHANNEL VOLUME FRONT L (38-62),CVFL 50<CR>,CVFL 50<CR>,✔
CV,FR UP,CHANNEL VOLUME FRONT R UP,CVFR UP<CR>,CVFR 50<CR>,✔
CV,FR DOWN,CHANNEL VOLUME FRONT R DOWN,CVFR DOWN<CR>,CVFR 50<CR>,✔
CV,FR **,CHANNEL VOLUME FRONT R (38-62),CVFR 50<CR>,CVFR 50<CR>,✔
CV,C UP,CHANNEL VOLUME CENTER UP,CVC UP<CR>,CVC 50<CR>,✔
CV,C DOWN,CHANNEL VOLUME CENTER DOWN,CVC DOWN<CR>,CVC 50<CR>,✔
CV,C **,CHANNEL VOLUME CENTER (38-62),CVC 50<CR>,CVC 50<CR>,✔
CV,SW UP,CHANNEL VOLUME SUBWOOFER UP,CVSW UP<CR>,CVSW 50<CR>,✔
CV,SW DOWN,CHANNEL VOLUME SUBWOOFER DOWN,CVSW DOWN<CR>,CVSW 50<CR>,✔
CV,SW **,CHANNEL VOLUME SUBWOOFER (00,38-62),CVSW 50<CR>,CVSW 50<CR>,✔
CV,SL UP,CHANNEL VOLUME SURROUND L UP,CVSL UP<CR>,CVSL 50<CR>,✔
CV,SL DOWN,CHANNEL VOLUME SURROUND L DOWN,CVSL DOWN<CR>,CVSL 50<CR>,✔
CV,SL **,CHANNEL VOLUME SURROUND L (38-62),CVSL 50<CR>,CVSL 50<CR>,✔
CV,SR UP,CHANNEL VOLUME SURROUND R UP,CVSR UP<CR>,CVSR 50<CR>,✔
CV,SR DOWN,CHANNEL VOLUME SURROUND R DOWN,CVSR DOWN<CR>,CVSR 50<CR>,✔
CV,SR **,CHANNEL VOLUME SURROUND R (38-62),CVSR 50<CR>,CVSR 50<CR>,✔
CV,SBL UP,CHANNEL VOLUME SURROUND BACK L UP,CVSBL UP<CR>,CVSBL 50<CR>,✔
CV,SBL DOWN,CHANNEL VOLUME SURROUND BACK L DOWN,CVSBL DOWN<CR>,CVSBL 50<CR>,✔
CV,SBL **,CHANNEL VOLUME SURROUND BACK L (38-62),CVSBL 50<CR>,CVSBL 50<CR>,✔
CV,SBR UP,CHANNEL VOLUME SURROUND BACK R UP,CVSBR UP<CR>,CVSBR 50<CR>,✔
CV,SBR DOWN,CHANNEL VOLUME SURROUND BACK R DOWN,CVSBR DOWN<CR>,CVSBR 50<CR>,✔
CV,SBR **,CHANNEL VOLUME SURROUND BACK R (38-62),CVSBR 50<CR>,CVSBR 50<CR>,✔
CV,SB UP,CHANNEL VOLUME SURROUND BACK UP,CVSB UP<CR>,CVSB 50<CR>,✔
CV,SB DOWN,CHANNEL VOLUME SURROUND BACK DOWN,CVSB DOWN<CR>,CVSB 50<CR>,✔
CV,SB **,CHANNEL VOLUME SURROUND BACK (38-62),CVSB 50<CR>,CVSB 50<CR>,✔
CV,FHL UP,CHANNEL VOLUME FRONT HEIGHT L UP,CVFHL UP<CR>,CVFHL 50<CR>,✔
CV,FHL DOWN,CHANNEL VOLUME FRONT HEIGHT L DOWN,CVFHL DOWN<CR>,CVFHL 50<CR>,✔
CV,FHL **,CHANNEL VOLUME FRONT HEIGHT L (38-62),CVFHL 50<CR>,CVFHL 50<CR>,✔
CV,FHR UP,CHANNEL VOLUME FRONT HEIGHT R UP,CVFHR UP<CR>,CVFHR 50<CR>,✔
CV,FHR DOWN,CHANNEL VOLUME FRONT HEIGHT R DOWN,CVFHR DOWN<CR>,CVFHR 50<CR>,✔
CV,FHR **,CHANNEL VOLUME FRONT HEIGHT R (38-62),CVFHR 50<CR>,CVFHR 50<CR>,✔
CV,TFL UP,CHANNEL VOLUME TOP FRONT L UP,CVTFL UP<CR>,CVTFL 50<CR>,✔
CV,TFL DOWN,CHANNEL VOLUME TOP FRONT L DOWN,CVTFL DOWN<CR>,CVTFL 50<CR>,✔
CV,TFL **,CHANNEL VOLUME TOP FRONT L (38-62),CVTFL 50<CR>,CVTFL 50<CR>,✔
CV,TFR UP,CHANNEL VOLUME TOP FRONT R UP,CVTFR UP<CR>,CVTFR 50<CR>,✔
CV,TFR DOWN,CHANNEL VOLUME TOP FRONT R DOWN,CVTFR DOWN<CR>,CVTFR 50<CR>,✔
CV,TFR **,CHANNEL VOLUME TOP FRONT R (38-62),CVTFR 50<CR>,CVTFR 50<CR>,✔
CV,TML UP,CHANNEL VOLUME TOP MIDDLE L UP,CVTML UP<CR>,CVTML 50<CR>,✔
CV,TML DOWN,CHANNEL VOLUME TOP MIDDLE L DOWN,CVTML DOWN<CR>,CVTML 50<CR>,✔
CV,TML **,CHANNEL VOLUME TOP MIDDLE L (38-62),CVTML 50<CR>,CVTML 50<CR>,✔
CV,TMR UP,CHANNEL VOLUME TOP MIDDLE R UP,CVTMR UP<CR>,CVTMR 50<CR>,✔
CV,TMR DOWN,CHANNEL VOLUME TOP MIDDLE R DOWN,CVTMR DOWN<CR>,CVTMR 50<CR>,✔
CV,TMR **,CHANNEL VOLUME TOP MIDDLE R (38-62),CVTMR 50<CR>,CVTMR 50<CR>,✔
CV,FDL UP,CHANNEL VOLUME FRONT DOLBY L UP,CVFDL UP<CR>,CVFDL 50<CR>,✔
CV,FDL DOWN,CHANNEL VOLUME FRONT DOLBY L DOWN,CVFDL DOWN<CR>,CVFDL 50<CR>,✔
CV,FDL **,CHANNEL VOLUME FRONT DOLBY L (38-62),CVFDL 50<CR>,CVFDL 50<CR>,✔
CV,FDR UP,CHANNEL VOLUME FRONT DOLBY R UP,CVFDR UP<CR>,CVFDR 50<CR>,✔
CV,FDR DOWN,CHANNEL VOLUME FRONT DOLBY R DOWN,CVFDR DOWN<CR>,CVFDR 50<CR>,✔
CV,FDR **,CHANNEL VOLUME FRONT DOLBY R (38-62),CVFDR 50<CR>,CVFDR 50<CR>,✔
CV,SDL UP,CHANNEL VOLUME SURROUND DOLBY L UP,CVSDL UP<CR>,CVSDL 50<CR>,✔
CV,SDL DOWN,CHANNEL VOLUME SURROUND DOLBY L DOWN,CVSDL DOWN<CR>,CVSDL 50<CR>,✔
CV,SDL **,CHANNEL VOLUME SURROUND DOLBY L (38-62),CVSDL 50<CR>,CVSDL 50<CR>,✔
CV,SDR UP,CHANNEL VOLUME SURROUND DOLBY R UP,CVSDR UP<CR>,CVSDR 50<CR>,✔
CV,SDR DOWN,CHANNEL VOLUME SURROUND DOLBY R DOWN,CVSDR DOWN<CR>,CVSDR 50<CR>,✔
CV,SDR **,CHANNEL VOLUME SURROUND DOLBY R (38-62),CVSDR 50<CR>,CVSDR 50<CR>,✔
CV,ZRL,Reset all channel levels to factory defaults,CVZRL<CR>,CVFL 50<CR>...,✔
CV,?,Return CV Status,CV?<CR>,CVFL 62<CR>...,✔
PS,TONE CTRL ON,TONE CONTROL ON,PSTONE CTRL ON<CR>,PSTONE CTRL ON<CR>,✔
PS,TONE CTRL OFF,TONE CONTROL OFF,PSTONE CTRL OFF<CR>,PSTONE CTRL OFF<CR>,✔
PS,TONE CTRL ?,Return TONE CONTROL Status,PSTONE CTRL ?<CR>,,✔
PS,BAS UP,BASS UP,PSBAS UP<CR>,PSBAS 50<CR>,✔
PS,BAS DOWN,BASS DOWN,PSBAS DOWN<CR>,PSBAS 50<CR>,✔
PS,BAS **,BASS direct (00-99 / 50=0dB),PSBAS 50<CR>,PSBAS 50<CR>,✔
PS,BAS ?,Return BASS Status,PSBAS ?<CR>,,✔
PS,TRE UP,TREBLE UP,PSTRE UP<CR>,PSTRE 50<CR>,✔
PS,TRE DOWN,TREBLE DOWN,PSTRE DOWN<CR>,PSTRE 50<CR>,✔
PS,TRE **,TREBLE direct (00-99 / 50=0dB),PSTRE 50<CR>,PSTRE 50<CR>,✔
PS,TRE ?,Return TREBLE Status,PSTRE ?<CR>,,✔
PS,DIL ON,Dialog Level Adjust ON,PSDIL ON<CR>,PSDIL ON<CR>,✔
PS,DIL OFF,Dialog Level Adjust OFF,PSDIL OFF<CR>,PSDIL OFF<CR>,✔
PS,DIL UP,Dialog Level UP,PSDIL UP<CR>,PSDIL 50<CR>,✔
PS,DIL DOWN,Dialog Level DOWN,PSDIL DOWN<CR>,PSDIL 50<CR>,✔
PS,DIL **,Dialog Level direct (38-62 / 50=0dB),PSDIL 50<CR>,PSDIL 50<CR>,✔
PS,DIL ?,Return Dialog Level Status,PSDIL ?<CR>,PSDIL ON<CR> PSDIL 50<CR>,✔
PS,SWL ON,Subwoofer Level Adjust ON,PSSWL ON<CR>,PSSWL ON<CR>,✔
PS,SWL OFF,Subwoofer Level Adjust OFF,PSSWL OFF<CR>,PSSWL OFF<CR>,✔
PS,SWL UP,Subwoofer Level UP,PSSWL UP<CR>,PSSWL 50<CR>,✔
PS,SWL DOWN,Subwoofer Level DOWN,PSSWL DOWN<CR>,PSSWL 50<CR>,✔
PS,SWL **,Subwoofer Level direct (00,38-62 / 50=0dB),PSSWL 50<CR>,PSSWL 50<CR>,✔
PS,SWL ?,Return Subwoofer Level Status,PSSWL ?<CR>,PSSWL ON<CR> PSSWL 50<CR>,✔
PS,CINEMA EQ.ON,CINEMA EQ ON,PSCINEMA EQ.ON<CR>,PSCINEMA EQ.ON<CR>,✔
PS,CINEMA EQ.OFF,CINEMA EQ OFF,PSCINEMA EQ.OFF<CR>,PSCINEMA EQ.OFF<CR>,✔
PS,CINEMA EQ. ?,Return CINEMA EQ Status,PSCINEMA EQ. ?<CR>,,✔
PS,LOM ON,Loudness Management ON,PSLOM ON<CR>,PSLOM ON<CR>,✔
PS,LOM OFF,Loudness Management OFF,PSLOM OFF<CR>,PSLOM OFF<CR>,✔
PS,LOM ?,Return Loudness Management Status,PSLOM ?<CR>,,✔
PS,MULTEQ:AUDYSSEY,MultEQ Audyssey,PSMULTEQ:AUDYSSEY<CR>,PSMULTEQ:AUDYSSEY<CR>,✔
PS,MULTEQ:BYP.LR,MultEQ L/R Bypass,PSMULTEQ:BYP.LR<CR>,PSMULTEQ:BYP.LR<CR>,✔
PS,MULTEQ:FLAT,MultEQ Flat,PSMULTEQ:FLAT<CR>,PSMULTEQ:FLAT<CR>,✔
PS,MULTEQ:OFF,MultEQ OFF,PSMULTEQ:OFF<CR>,PSMULTEQ:OFF<CR>,✔
PS,MULTEQ ?,Return MultEQ Status,PSMULTEQ: ?<CR>,,✔
PS,DYNEQ ON,Dynamic EQ ON,PSDYNEQ ON<CR>,PSDYNEQ ON<CR>,✔
PS,DYNEQ OFF,Dynamic EQ OFF,PSDYNEQ OFF<CR>,PSDYNEQ OFF<CR>,✔
PS,DYNEQ ?,Return Dynamic EQ Status,PSDYNEQ ?<CR>,,✔
PS,REFLEV 0,Reference Level Offset 0dB,PSREFLEV 0<CR>,PSREFLEV 0<CR>,✔
PS,REFLEV 5,Reference Level Offset 5dB,PSREFLEV 5<CR>,PSREFLEV 5<CR>,✔
PS,REFLEV 10,Reference Level Offset 10dB,PSREFLEV 10<CR>,PSREFLEV 10<CR>,✔
PS,REFLEV 15,Reference Level Offset 15dB,PSREFLEV 15<CR>,PSREFLEV 15<CR>,✔
PS,REFLEV ?,Return Reference Level Status,PSREFLEV ?<CR>,,✔
PS,DYNVOL HEV,Dynamic Volume Heavy,PSDYNVOL HEV<CR>,PSDYNVOL HEV<CR>,✔
PS,DYNVOL MED,Dynamic Volume Medium,PSDYNVOL MED<CR>,PSDYNVOL MED<CR>,✔
PS,DYNVOL LIT,Dynamic Volume Light,PSDYNVOL LIT<CR>,PSDYNVOL LIT<CR>,✔
PS,DYNVOL OFF,Dynamic Volume OFF,PSDYNVOL OFF<CR>,PSDYNVOL OFF<CR>,✔
PS,DYNVOL ?,Return Dynamic Volume Status,PSDYNVOL ?<CR>,,✔
PS,GEQ ON,Graphic EQ ON,PSGEQ ON<CR>,PSGEQ ON<CR>,✔
PS,GEQ OFF,Graphic EQ OFF,PSGEQ OFF<CR>,PSGEQ OFF<CR>,✔
PS,GEQ ?,Return Graphic EQ Status,PSGEQ ?<CR>,,✔
PS,HEQ ON,Headphone EQ ON,PSHEQ ON<CR>,PSHEQ ON<CR>,✔
PS,HEQ OFF,Headphone EQ OFF,PSHEQ OFF<CR>,PSHEQ OFF<CR>,✔
PS,HEQ ?,Return Headphone EQ Status,PSHEQ ?<CR>,,✔
PS,DRC AUTO,Dynamic Compression AUTO,PSDRC AUTO<CR>,PSDRC AUTO<CR>,✔
PS,DRC LOW,Dynamic Compression LOW,PSDRC LOW<CR>,PSDRC LOW<CR>,✔
PS,DRC MID,Dynamic Compression MID,PSDRC MID<CR>,PSDRC MID<CR>,✔
PS,DRC HI,Dynamic Compression HI,PSDRC HI<CR>,PSDRC HI<CR>,✔
PS,DRC OFF,Dynamic Compression OFF,PSDRC OFF<CR>,PSDRC OFF<CR>,✔
PS,DRC ?,Return Dynamic Compression Status,PSDRC ?<CR>,,✔
PS,DIC UP,Dialog Control UP,PSDIC UP<CR>,PSDIC 03<CR>,✔
PS,DIC DOWN,Dialog Control DOWN,PSDIC DOWN<CR>,PSDIC 03<CR>,✔
PS,DIC **,Dialog Control direct (00-99 / 0-6),PSDIC 03<CR>,PSDIC 03<CR>,✔
PS,DIC ?,Return Dialog Control Status,PSDIC ?<CR>,,✔
PS,LFE UP,LFE UP,PSLFE UP<CR>,PSLFE 10<CR>,✔
PS,LFE DOWN,LFE DOWN,PSLFE DOWN<CR>,PSLFE 10<CR>,✔
PS,LFE **,LFE direct (00-99 / 0 to -10),PSLFE 10<CR>,PSLFE 10<CR>,✔
PS,LFE ?,Return LFE Status,PSLFE ?<CR>,,✔
PS,EFF UP,EFFECT LEVEL UP,PSEFF UP<CR>,PSEFF 10<CR>,✔
PS,EFF DOWN,EFFECT LEVEL DOWN,PSEFF DOWN<CR>,PSEFF 10<CR>,✔
PS,EFF **,EFFECT LEVEL direct (00-99 / 1-15),PSEFF 10<CR>,PSEFF 10<CR>,✔
PS,EFF ?,Return EFFECT Status,PSEFF ?<CR>,PSEFF 10<CR>,✔
PS,DEL UP,DELAY UP,PSDEL UP<CR>,PSDEL 000<CR>,✔
PS,DEL DOWN,DELAY DOWN,PSDEL DOWN<CR>,PSDEL 000<CR>,✔
PS,DEL ***,DELAY direct (000-999 / 0-300ms),PSDEL 000<CR>,PSDEL 000<CR>,✔
PS,DEL ?,Return DELAY Status,PSDEL ?<CR>,,✔
PS,CES ON,CENTER SPREAD ON,PSCES ON<CR>,PSCES ON<CR>,✔
PS,CES OFF,CENTER SPREAD OFF,PSCES OFF<CR>,PSCES OFF<CR>,✔
PS,CES ?,Return CENTER SPREAD Status,PSCES ?<CR>,,✔
PS,NEURAL ON,Neural:X ON,PSNEURAL ON<CR>,PSNEURAL ON<CR>,✔
PS,NEURAL OFF,Neural:X OFF,PSNEURAL OFF<CR>,PSNEURAL OFF<CR>,✔
PS,NEURAL ?,Return Neural:X Status,PSNEURAL ?<CR>,,✔
PS,SWR ON,Subwoofer ON,PSSWR ON<CR>,PSSWR ON<CR>,✔
PS,SWR OFF,Subwoofer OFF,PSSWR OFF<CR>,PSSWR OFF<CR>,✔
PS,SWR ?,Return Subwoofer Status,PSSWR ?<CR>,,✔
PS,RSZ S,ROOM SIZE Small,PSRSZ S<CR>,PSRSZ S<CR>,✔
PS,RSZ MS,ROOM SIZE Medium Small,PSRSZ MS<CR>,PSRSZ MS<CR>,✔
PS,RSZ M,ROOM SIZE Medium,PSRSZ M<CR>,PSRSZ M<CR>,✔
PS,RSZ ML,ROOM SIZE Medium Large,PSRSZ ML<CR>,PSRSZ ML<CR>,✔
PS,RSZ L,ROOM SIZE Large,PSRSZ L<CR>,PSRSZ L<CR>,✔
PS,RSZ ?,Return ROOM SIZE Status,PSRSZ ?<CR>,,✔
PS,DELAY UP,AUDIO DELAY UP,PSDELAY UP<CR>,PSDELAY 200<CR>,✔
PS,DELAY DOWN,AUDIO DELAY DOWN,PSDELAY DOWN<CR>,PSDELAY 200<CR>,✔
PS,DELAY ***,AUDIO DELAY direct (000-999 / 0-200ms),PSDELAY 200<CR>,PSDELAY 200<CR>,✔
PS,DELAY ?,Return AUDIO DELAY Status,PSDELAY ?<CR>,,✔
PS,RSTR OFF,AUDIO RESTORER OFF,PSRSTR OFF<CR>,PSRSTR OFF<CR>,✔
PS,RSTR LOW,AUDIO RESTORER LOW (Mode 3),PSRSTR LOW<CR>,PSRSTR LOW<CR>,✔
PS,RSTR MED,AUDIO RESTORER MEDIUM (Mode 2),PSRSTR MED<CR>,PSRSTR MED<CR>,✔
PS,RSTR HI,AUDIO RESTORER HIGH (Mode 1),PSRSTR HI<CR>,PSRSTR HI<CR>,✔
PS,RSTR ?,Return AUDIO RESTORER Status,PSRSTR ?<CR>,,✔
PS,FRONT SPA,FRONT SPEAKER A,PSFRONT SPA<CR>,PSFRONT SPA<CR>,✔
PS,FRONT SPB,FRONT SPEAKER B,PSFRONT SPB<CR>,PSFRONT SPB<CR>,✔
PS,FRONT A+B,FRONT SPEAKER A+B,PSFRONT A+B<CR>,PSFRONT A+B<CR>,✔
PS,FRONT ?,Return FRONT SPEAKER Status,PSFRONT ?<CR>,,✔
VS,ASPNRM,Set Aspect Ratio 4:3,VSASPNRM<CR>,VSASPNRM<CR>,-
VS,ASPFUL,Set Aspect Ratio 16:9,VSASPFUL<CR>,VSASPFUL<CR>,-
VS,ASP ?,Return Aspect Ratio Status,VSASP ?<CR>,,-
VS,MONIAUTO,HDMI Monitor Auto Detection,VSMONIAUTO<CR>,VSMONIAUTO<CR>,-
VS,MONI1,HDMI Monitor OUT-1,VSMONI1<CR>,VSMONI1<CR>,-
VS,MONI2,HDMI Monitor OUT-2,VSMONI2<CR>,VSMONI2<CR>,-
VS,MONI ?,Return HDMI Monitor Status,VSMONI ?<CR>,,-
VS,SC48P,Resolution 480p/576p,VSSC48P<CR>,VSSC48P<CR>,-
VS,SC10I,Resolution 1080i,VSSC10I<CR>,VSSC10I<CR>,-
VS,SC72P,Resolution 720p,VSSC72P<CR>,VSSC72P<CR>,-
VS,SC10P,Resolution 1080p,VSSC10P<CR>,VSSC10P<CR>,-
VS,SC10P24,Resolution 1080p:24Hz,VSSC10P24<CR>,VSSC10P24<CR>,-
VS,SC4K,Resolution 4K,VSSC4K<CR>,VSSC4K<CR>,-
VS,SCAUTO,Resolution AUTO,VSSCAUTO<CR>,VSSCAUTO<CR>,-
VS,SC ?,Return Resolution Status,VSSC ?<CR>,,-
VS,SCH48P,Resolution 480p/576p (HDMI),VSSCH48P<CR>,VSSCH48P<CR>,-
VS,SCH10I,Resolution 1080i (HDMI),VSSCH10I<CR>,VSSCH10I<CR>,-
VS,SCH72P,Resolution 720p (HDMI),VSSCH72P<CR>,VSSCH72P<CR>,-
VS,SCH10P,Resolution 1080p (HDMI),VSSCH10P<CR>,VSSCH10P<CR>,-
VS,SCH10P24,Resolution 1080p:24Hz (HDMI),VSSCH10P24<CR>,VSSCH10P24<CR>,-
VS,SCH4K,Resolution 4K (HDMI),VSSCH4K<CR>,VSSCH4K<CR>,-
VS,SCHAUTO,Resolution AUTO (HDMI),VSSCHAUTO<CR>,VSSCHAUTO<CR>,-
VS,SCH ?,Return Resolution Status (HDMI),VSSCH ?<CR>,,-
VS,AUDIO AMP,HDMI Audio Output to AMP,VSAUDIO AMP<CR>,VSAUDIO AMP<CR>,✔
VS,AUDIO TV,HDMI Audio Output to TV,VSAUDIO TV<CR>,VSAUDIO TV<CR>,✔
VS,AUDIO ?,Return HDMI Audio Output Status,VSAUDIO ?<CR>,,✔
VS,VPMAUTO,Video Processing Mode AUTO,VSVPMAUTO<CR>,VSVPMAUTO<CR>,-
VS,VPMGAME,Video Processing Mode GAME,VSVPMGAME<CR>,VSVPMGAME<CR>,-
VS,VPMMOVI,Video Processing Mode MOVIE,VSVPMMOVI<CR>,VSVPMMOVI<CR>,-
VS,VPM ?,Return Video Processing Mode Status,VSVPM ?<CR>,,-
PV,OFF,Picture Mode Off,PVOFF<CR>,PVOFF<CR>,-
PV,STD,Picture Mode Standard,PVSTD<CR>,PVSTD<CR>,-
PV,MOV,Picture Mode Movie,PVMOV<CR>,PVMOV<CR>,-
PV,VVD,Picture Mode Vivid,PVVVD<CR>,PVVVD<CR>,-
PV,STM,Picture Mode Stream,PVSTM<CR>,PVSTM<CR>,-
PV,CTM,Picture Mode Custom,PVCTM<CR>,PVCTM<CR>,-
PV,DAY,Picture Mode ISF Day,PVDAY<CR>,PVDAY<CR>,-
PV,NGT,Picture Mode ISF Night,PVNGT<CR>,PVNGT<CR>,-
PV,?,Return Picture Mode Status,PV?<CR>,,-
PV,CN UP,CONTRAST UP,PVCN UP<CR>,PVCN 050<CR>,-
PV,CN DOWN,CONTRAST DOWN,PVCN DOWN<CR>,PVCN 050<CR>,-
PV,CN ***,CONTRAST direct (000-100 / 050=0),PVCN 050<CR>,PVCN 050<CR>,-
PV,CN ?,Return CONTRAST Status,PVCN ?<CR>,,-
PV,BR UP,BRIGHTNESS UP,PVBR UP<CR>,PVBR 050<CR>,-
PV,BR DOWN,BRIGHTNESS DOWN,PVBR DOWN<CR>,PVBR 050<CR>,-
PV,BR ***,BRIGHTNESS direct (000-100 / 050=0),PVBR 050<CR>,PVBR 050<CR>,-
PV,BR ?,Return BRIGHTNESS Status,PVBR ?<CR>,,-
PV,ST UP,SATURATION UP,PVST UP<CR>,PVST 050<CR>,-
PV,ST DOWN,SATURATION DOWN,PVST DOWN<CR>,PVST 050<CR>,-
PV,ST ***,SATURATION direct (000-100 / 050=0),PVST 050<CR>,PVST 050<CR>,-
PV,ST ?,Return SATURATION Status,PVST ?<CR>,,-
PV,DNR OFF,DNR OFF,PVDNR OFF<CR>,PVDNR OFF<CR>,-
PV,DNR LOW,DNR LOW,PVDNR LOW<CR>,PVDNR LOW<CR>,-
PV,DNR MID,DNR MID,PVDNR MID<CR>,PVDNR MID<CR>,-
PV,DNR HI,DNR HI,PVDNR HI<CR>,PVDNR HI<CR>,-
PV,DNR ?,Return DNR Status,PVDNR ?<CR>,,-
PV,ENH UP,ENHANCER UP,PVENH UP<CR>,PVENH 12<CR>,-
PV,ENH DOWN,ENHANCER DOWN,PVENH DOWN<CR>,PVENH 12<CR>,-
PV,ENH ***,ENHANCER direct (00-12),PVENH 12<CR>,PVENH 12<CR>,-
PV,ENH ?,Return ENHANCER Status,PVENH ?<CR>,,-
Z2,SOURCE,ZONE2 mode cancel (same as Main Zone),Z2SOURCE<CR>,Z2SOURCE<CR>,✔
Z2,CD,ZONE2 Select CD,Z2CD<CR>,Z2CD<CR>,✔
Z2,TUNER,ZONE2 Select TUNER,Z2TUNER<CR>,Z2TUNER<CR>,✔
Z2,DVD,ZONE2 Select DVD,Z2DVD<CR>,Z2DVD<CR>,✔
Z2,BD,ZONE2 Select BD,Z2BD<CR>,Z2BD<CR>,✔
Z2,TV,ZONE2 Select TV,Z2TV<CR>,Z2TV<CR>,✔
Z2,SAT/CBL,ZONE2 Select SAT/CBL,Z2SAT/CBL<CR>,Z2SAT/CBL<CR>,✔
Z2,MPLAY,ZONE2 Select MEDIA PLAYER,Z2MPLAY<CR>,Z2MPLAY<CR>,✔
Z2,GAME,ZONE2 Select GAME,Z2GAME<CR>,Z2GAME<CR>,✔
Z2,NET,ZONE2 Select NET,Z2NET<CR>,Z2NET<CR>,✔
Z2,IRADIO,ZONE2 Select Internet Radio,Z2IRADIO<CR>,Z2IRADIO<CR>,✔
Z2,SERVER,ZONE2 Select Media Server,Z2SERVER<CR>,Z2SERVER<CR>,✔
Z2,FAVORITES,ZONE2 Select Favorites,Z2FAVORITES<CR>,Z2FAVORITES<CR>,✔
Z2,AUX1,ZONE2 Select AUX1,Z2AUX1<CR>,Z2AUX1<CR>,✔
Z2,BT,ZONE2 Select Bluetooth,Z2BT<CR>,Z2BT<CR>,✔
Z2,USB/IPOD,ZONE2 Select USB/iPod,Z2USB/IPOD<CR>,Z2USB/IPOD<CR>,✔
Z2,USB,ZONE2 Select USB,Z2USB<CR>,Z2USB<CR>,✔
Z2,IPD,ZONE2 Select iPod Direct,Z2IPD<CR>,Z2IPD<CR>,✔
Z2,IRP,ZONE2 Select iRadio Recent Play,Z2IRP<CR>,Z2IRP<CR>,✔
Z2,FVP,ZONE2 Select Favorites Play,Z2FVP<CR>,Z2FVP<CR>,✔
Z2,QUICK1,ZONE2 Quick Select 1,Z2QUICK1<CR>,Z2QUICK1<CR>,✔
Z2,QUICK2,ZONE2 Quick Select 2,Z2QUICK2<CR>,Z2QUICK2<CR>,✔
Z2,QUICK3,ZONE2 Quick Select 3,Z2QUICK3<CR>,Z2QUICK3<CR>,✔
Z2,QUICK4,ZONE2 Quick Select 4,Z2QUICK4<CR>,Z2QUICK4<CR>,✔
Z2,QUICK5,ZONE2 Quick Select 5,Z2QUICK5<CR>,Z2QUICK5<CR>,✔
Z2,QUICK1 MEMORY,ZONE2 Quick Select 1 Memory,Z2QUICK1 MEMORY<CR>,Z2QUICK1 MEMORY<CR>,✔
Z2,QUICK2 MEMORY,ZONE2 Quick Select 2 Memory,Z2QUICK2 MEMORY<CR>,Z2QUICK2 MEMORY<CR>,✔
Z2,QUICK3 MEMORY,ZONE2 Quick Select 3 Memory,Z2QUICK3 MEMORY<CR>,Z2QUICK3 MEMORY<CR>,✔
Z2,QUICK4 MEMORY,ZONE2 Quick Select 4 Memory,Z2QUICK4 MEMORY<CR>,Z2QUICK4 MEMORY<CR>,✔
Z2,QUICK5 MEMORY,ZONE2 Quick Select 5 Memory,Z2QUICK5 MEMORY<CR>,Z2QUICK5 MEMORY<CR>,✔
Z2,QUICK ?,Return Z2 Quick Select Status,Z2QUICK ?<CR>,,✔
Z2,UP,ZONE2 Volume UP,Z2UP<CR>,Z280<CR>,✔
Z2,DOWN,ZONE2 Volume DOWN,Z2DOWN<CR>,Z280<CR>,✔
Z2,**,ZONE2 Volume direct (00-98),Z280<CR>,Z280<CR>,✔
Z2,ON,ZONE2 ON,Z2ON<CR>,Z2ON<CR>,✔
Z2,OFF,ZONE2 OFF,Z2OFF<CR>,Z2OFF<CR>,✔
Z2,?,Return Z2 Status,Z2?<CR>,,✔
Z2MU,ON,ZONE2 MUTE ON,Z2MUON<CR>,Z2MUON<CR>,✔
Z2MU,OFF,ZONE2 MUTE OFF,Z2MUOFF<CR>,Z2MUOFF<CR>,✔
Z2MU,?,Return Z2 MUTE Status,Z2MU?<CR>,,✔
Z2CS,ST,ZONE2 Channel Setting STEREO,Z2CSST<CR>,Z2CSST<CR>,-
Z2CS,MONO,ZONE2 Channel Setting MONO,Z2CSMONO<CR>,Z2CSMONO<CR>,-
Z2CS,?,Return Z2 Channel Setting Status,Z2CS?<CR>,,-
Z2SLP,OFF,ZONE2 SLEEP TIMER OFF,Z2SLPOFF<CR>,Z2SLPOFF<CR>,✔
Z2SLP,***,ZONE2 SLEEP TIMER (001-120 min),Z2SLP120<CR>,Z2SLP120<CR>,✔
Z2SLP,?,Return Z2 SLEEP TIMER Status,Z2SLP?<CR>,,✔
Z2STBY,2H,ZONE2 Auto Standby 2H,Z2STBY2H<CR>,Z2STBY2H<CR>,✔
Z2STBY,4H,ZONE2 Auto Standby 4H,Z2STBY4H<CR>,Z2STBY4H<CR>,✔
Z2STBY,8H,ZONE2 Auto Standby 8H,Z2STBY8H<CR>,Z2STBY8H<CR>,✔
Z2STBY,OFF,ZONE2 Auto Standby OFF,Z2STBYOFF<CR>,Z2STBYOFF<CR>,✔
Z2STBY,?,Return Z2 Auto Standby Status,Z2STBY?<CR>,,✔
TF,ANUP,Tuner Frequency UP,TFANUP<CR>,TFAN105000<CR>,✔
TF,ANDOWN,Tuner Frequency DOWN,TFANDOWN<CR>,TFAN105000<CR>,✔
TF,AN******,Tuner Frequency direct (6 digits),TFAN105000<CR>,TFAN105000<CR>,✔
TF,AN?,Return Tuner Frequency Status,TFAN?<CR>,,✔
TP,ANUP,Tuner Preset UP,TPANUP<CR>,TPAN01<CR>,✔
TP,ANDOWN,Tuner Preset DOWN,TPANDOWN<CR>,TPAN01<CR>,✔
TP,AN**,Tuner Preset direct (01-56),TPAN01<CR>,TPAN01<CR>,✔
TP,AN?,Return Tuner Preset Status,TPAN?<CR>,,✔
TP,ANMEM,Tuner Preset Memory,TPANMEM<CR>,TPANMEM<CR>,✔
TP,ANMEM**,Tuner Preset Memory direct (01-56),TPANMEM01<CR>,TPANMEM01<CR>,✔
TM,ANAM,Tuner Band AM,TMANAM<CR>,TMANAM<CR>,✔
TM,ANFM,Tuner Band FM,TMANFM<CR>,TMANFM<CR>,✔
TM,AN?,Return Tuner Band Status,TMAN?<CR>,,✔
TM,ANAUTO,Tuner Mode AUTO,TMANAUTO<CR>,TMANAUTO<CR>,✔
TM,ANMANUAL,Tuner Mode MANUAL,TMANMANUAL<CR>,TMANMANUAL<CR>,✔
NS,90,Cursor Up Control,NS90<CR>,,✔
NS,91,Cursor Down Control,NS91<CR>,,✔
NS,92,Cursor Left Control,NS92<CR>,,✔
NS,93,Cursor Right Control,NS93<CR>,,✔
NS,94,Enter (Play/Pause) Control,NS94<CR>,,✔
NS,9A,Play Control,NS9A<CR>,,✔
NS,9B,Pause Control,NS9B<CR>,,✔
NS,9C,Stop Control,NS9C<CR>,,✔
NS,9D,Skip Plus Control,NS9D<CR>,,✔
NS,9E,Skip Minus Control,NS9E<CR>,,✔
NS,9F,Manual Search Plus Control,NS9F<CR>,,✔
NS,9G,Manual Search Minus Control,NS9G<CR>,,✔
NS,9H,Repeat One Control,NS9H<CR>,,✔
NS,9I,Repeat All Control,NS9I<CR>,,✔
NS,9J,Repeat Off Control,NS9J<CR>,,✔
NS,9K,Random On / Shuffle Songs Control,NS9K<CR>,,✔
NS,9M,Random Off / Shuffle Off Control,NS9M<CR>,,✔
NS,9W,Toggle iPod Mode/On Screen Mode,NS9W<CR>,,✔
NS,9X,Page Next Control,NS9X<CR>,,✔
NS,9Y,Page Previous Control,NS9Y<CR>,,✔
NS,9Z,Manual Search STOP Control,NS9Z<CR>,,✔
NS,RPT,Repeat Toggle Control,NSRPT<CR>,,✔
NS,RND,Random Toggle Control,NSRND<CR>,,✔
NS,B**,Preset Call (00-55),NSB00<CR>,,✔
NS,C**,Preset Memory (00-55),NSC00<CR>,NSC00<CR> NSCOK<CR>,✔
NS,H,Net Audio Preset Name Status (UTF-8),NSH<CR>,NSH00...<CR>,✔
NS,FV MEM,Add Favorites Folder,NSFV MEM<CR>,,✔
NS,A,Return Onscreen Display Info (ASCII),NSA<CR>,NSA0...<CR>,✔
NS,E,Request Onscreen Display Info (UTF-8),NSE<CR>,NSE0...<CR>,✔
MN,CUP,Cursor Up Control,MNCUP<CR>,,✔
MN,CDN,Cursor Down Control,MNCDN<CR>,,✔
MN,CLT,Cursor Left Control,MNCLT<CR>,,✔
MN,CRT,Cursor Right Control,MNCRT<CR>,,✔
MN,ENT,Enter Control,MNENT<CR>,,✔
MN,RTN,Return Control,MNRTN<CR>,,✔
MN,OPT,Option Control,MNOPT<CR>,,✔
MN,INF,Info Control,MNINF<CR>,,✔
MN,CHL,Channel Level Adjust Menu On/Off,MNCHL<CR>,,✔
MN,MEN ON,Setup Menu ON,MNMEN ON<CR>,MNMEN ON<CR>,✔
MN,MEN OFF,Setup Menu OFF,MNMEN OFF<CR>,MNMEN OFF<CR>,✔
MN,MEN?,Return Menu Status,MNMEN?<CR>,,✔
MN,ZST ON,All Zone Stereo ON,MNZST ON<CR>,MNZST ON<CR>,✔
MN,ZST OFF,All Zone Stereo OFF,MNZST OFF<CR>,MNZST OFF<CR>,✔
MN,ZST?,Return All Zone Stereo Status,MNZST?<CR>,,✔
SY,REMOTE LOCK ON,Remote Control Lock ON,SYREMOTE LOCK ON<CR>,SYREMOTE LOCK ON<CR>,✔
SY,REMOTE LOCK OFF,Remote Control Lock OFF,SYREMOTE LOCK OFF<CR>,SYREMOTE LOCK OFF<CR>,✔
SY,PANEL LOCK ON,Panel Button Lock ON (except Vol),SYPANEL LOCK ON<CR>,SYPANEL LOCK ON<CR>,✔
SY,PANEL+V LOCK ON,Panel Button + Master Vol Lock ON,SYPANEL+V LOCK ON<CR>,SYPANEL+V LOCK ON<CR>,✔
SY,PANEL LOCK OFF,Panel Lock OFF,SYPANEL LOCK OFF<CR>,SYPANEL LOCK OFF<CR>,✔
TR,1 ON,Trigger 1 ON,TR1 ON<CR>,TR1 ON<CR>,-
TR,1 OFF,Trigger 1 OFF,TR1 OFF<CR>,TR1 OFF<CR>,-
TR,?,Return Trigger Status,TR?<CR>,TR1 ON<CR>,-
UG,IDN,ID Number for Upgrade Display,UGIDN<CR>,UGIDN ************<CR>,✔
RM,STA,Remote Maintenance Mode Start,RM STA<CR>,,✔
RM,END,Remote Maintenance Mode End,RM END<CR>,,✔
RM,?,Return Remote Maintenance Status,RM ?<CR>,RM ON<CR> / RM OFF<CR>,✔
DIM,BRI,Dimmer Bright,DIM BRI<CR>,DIM BRI<CR>,✔
DIM,DIM,Dimmer Dim,DIM DIM<CR>,DIM DIM<CR>,✔
DIM,DAR,Dimmer Dark,DIM DAR<CR>,DIM DAR<CR>,✔
DIM,OFF,Dimmer Off,DIM OFF<CR>,DIM OFF<CR>,✔
DIM,SEL,Dimmer Toggle (Bright→Dim→Dark→Off),DIM SEL<CR>,DIM SEL<CR>,✔
DIM,?,Return Dimmer Status,DIM ?<CR>,,✔


PWON<CR>
PWSTANDBY<CR>
PW?<CR>
MVUP<CR>
MVDOWN<CR>
MV80<CR>
MV?<CR>
CVFL UP<CR>
CVFL DOWN<CR>
CVFL 50<CR>
CVFR UP<CR>
CVFR DOWN<CR>
CVFR 50<CR>
CVC UP<CR>
CVC DOWN<CR>
CVC 50<CR>
CVSW UP<CR>
CVSW DOWN<CR>
CVSW 50<CR>
CVSL UP<CR>
CVSL DOWN<CR>
CVSL 50<CR>
CVSR UP<CR>
CVSR DOWN<CR>
CVSR 50<CR>
CVSBL UP<CR>
CVSBL DOWN<CR>
CVSBL 50<CR>
CVSBR UP<CR>
CVSBR DOWN<CR>
CVSBR 50<CR>
CVSB UP<CR>
CVSB DOWN<CR>
CVSB 50<CR>
CVFHL UP<CR>
CVFHL DOWN<CR>
CVFHL 50<CR>
CVFHR UP<CR>
CVFHR DOWN<CR>
CVFHR 50<CR>
CVTFL UP<CR>
CVTFL DOWN<CR>
CVTFL 50<CR>
CVTFR UP<CR>
CVTFR DOWN<CR>
CVTFR 50<CR>
CVTML UP<CR>
CVTML DOWN<CR>
CVTML 50<CR>
CVTMR UP<CR>
CVTMR DOWN<CR>
CVTMR 50<CR>
CVFDL UP<CR>
CVFDL DOWN<CR>
CVFDL 50<CR>
CVFDR UP<CR>
CVFDR DOWN<CR>
CVFDR 50<CR>
CVSDL UP<CR>
CVSDL DOWN<CR>
CVSDL 50<CR>
CVSDR UP<CR>
CVSDR DOWN<CR>
CVSDR 50<CR>
CVZRL<CR>
CV?<CR>
MUON<CR>
MUOFF<CR>
MU?<CR>
SITUNER<CR>
SIDVD<CR>
SIBD<CR>
SITV<CR>
SISAT/CBL<CR>
SIMPLAY<CR>
SIGAME<CR>
SINET<CR>
SIFLICKR<CR>
SIIRADIO<CR>
SISERVER<CR>
SIFAVORITES<CR>
SIAUX1<CR>
SIBT<CR>
SIUSB/IPOD<CR>
SIUSB<CR>
SIIPD<CR>
SIIRP<CR>
SIFVP<CR>
SI?<CR>
ZMON<CR>
ZMOFF<CR>
ZM?<CR>
SDAUTO<CR>
SDHDMI<CR>
SDDIGITAL<CR>
SDANALOG<CR>
SD?<CR>
DCAUTO<CR>
DCPCM<CR>
DCDTS<CR>
DC?
SVDVD<CR>
SVBD<CR>
SVTV<CR>
SVSAT/CBL<CR>
SVMPLAY<CR>
SVGAME<CR>
SVAUX1<CR>
SVON<CR>
SVOFF<CR>
SV?<CR>
SLPOFF<CR>
SLP120<CR>
SLP?<CR>
STBY15M<CR>
STBY30M<CR>
STBY60M<CR>
STBYOFF<CR>
STBY?<CR>
ECOON<CR>
ECOAUTO<CR>
ECOOFF<CR>
ECO?<CR>
MSMOVIE<CR>
MSMUSIC<CR>
MSGAME<CR>
MSDIRECT<CR>
MSSTEREO<CR>
MSAUTO<CR>

MSDOLBY DIGITAL<CR>:
MSDOLBY SURROUND<CR>
MSDOLBY ATMOS<CR>
MSDOLBY DIGITAL<CR>
MSDOLBY D+DS<CR>
MSDTS SURROUND<CR>
MSDTS ES DSCRT6.1<CR>
MSDTS ES MTRX6.1<CR>
MSDTS96/24<CR>
MSDTS96 ES MTRX<CR>
MSDTS+NEURAL:X
MSDTS ES MTRX+NEURAL:X<CR>
MSDTS ES DSCRT+NEURAL:X<CR>
MSMULTI CH IN<CR>
MSM CH IN+DS<CR>
MSMULTI CH IN 7.1<CR>
MSM CH IN+NEURAL:X<CR>
MSDOLBY D+<CR>
MSDOLBY D+ +DS<CR>
MSDOLBY HD<CR>
MSDOLBY HD+DS<CR>
MSDTS HD<CR>
MSDTS HD MSTR<CR>
MSDTS HD+NEURAL:X<CR>
MSDTS:X<CR>
MSDTS:X MSTR<CR>
MSDTS EXPRESS<CR>
MSDTS ES 8CH DSCRT<CR>

MSDTS SURROUND<CR>:
MSNEURAL:X<CR>
MSDTS SURROUND<CR>
MSDTS ES DSCRT6.1<CR>
MSDTS ES MTRX6.1<CR>
MSDTS96/24<CR>
MSDTS96 ES MTRX<CR>
MSDTS+NEURAL:X
MSDTS ES MTRX+NEURAL:X<CR>
MSDTS ES DSCRT+NEURAL:X<CR>
MSDOLBY ATMOS<CR>
MSDOLBY DIGITAL<CR>
MSDOLBY D+DS<CR>
MSMULTI CH IN<CR>
MSM CH IN+DS<CR>
MSMULTI CH IN 7.1<CR>
MSM CH IN+NEURAL:X<CR>
MSDOLBY D+<CR>
MSDOLBY D+ +DS<CR>
MSDOLBY HD<CR>
MSDOLBY HD+DS<CR>
MSDTS HD<CR>
MSDTS HD MSTR<CR>
MSDTS HD+NEURAL:X<CR>
MSDTS:X<CR>
MSDTS:X MSTR<CR>
MSDTS EXPRESS<CR>
MSDTS ES 8CH DSCRT<CR>
MSMCH STEREO<CR>
MSROCK ARENA<CR>
MSJAZZ CLUB<CR>
MSMONO MOVIE<CR>
MSMATRIX<CR>
MSVIDEO GAME<CR>
MSVIRTUAL<CR>
MSLEFT<CR>
MSRIGHT<CR>
MS?<CR>
MSQUICK1<CR>
MSQUICK2<CR>
MSQUICK3<CR>
MSQUICK4<CR>
MSQUICK5<CR>
MSQUICK0<CR>
MSQUICK1 MEMORY<CR>
MSQUICK2 MEMORY<CR>
MSQUICK3 MEMORY<CR>
MSQUICK4 MEMORY<CR>
MSQUICK5 MEMORY<CR>
MSQUICK ?<CR>
VSAUDIO AMP<CR>
VSAUDIO TV<CR>
VSAUDIO ?<CR>
PSTONE CTRL ON<CR>
PSTONE CTRL OFF<CR>
PSTONE CTRL ?<CR>
PSBAS UP<CR>
PSBAS DOWN<CR>
PSBAS 50<CR>
PSBAS ?<CR>
PSTRE UP<CR>
PSTRE DOWN<CR>
PSTRE 50<CR>
PSTRE ?<CR>
PSDIL ON<CR>
PSDIL OFF<CR>
PSDIL UP<CR>
PSDIL DOWN<CR>
PSDIL 50<CR>
PSDIL ?<CR>
PSSWL ON<CR>
PSSWL OFF<CR>
PSSWL UP<CR>
PSSWL DOWN<CR>
PSSWL 50<CR>
PSSWL ?<CR>
PSCINEMA EQ.ON<CR>
PSCINEMA EQ.OFF<CR>
PSCINEMA EQ. ?<CR>
PSLOM ON<CR>
PSLOM OFF<CR>
PSLOM ?<CR>
PSMULTEQ:AUDYSSEY<CR>
PSMULTEQ:BYP.LR<CR>
PSMULTEQ:FLAT<CR>
PSMULTEQ:OFF<CR>
PSMULTEQ: ?<CR>
PSDYNEQ ON<CR>
PSDYNEQ OFF<CR>
PSDYNEQ ?<CR>
PSREFLEV 0<CR>
PSREFLEV 5<CR>
PSREFLEV 10<CR>
PSREFLEV 15<CR>
PSREFLEV ?<CR>
PSDYNVOL HEV<CR>
PSDYNVOL MED<CR>
PSDYNVOL LIT<CR>
PSDYNVOL OFF<CR>
PSDYNVOL ?<CR>
PSGEQ ON<CR>
PSGEQ OFF<CR>
PSGEQ ?<CR>
PSHEQ ON<CR>
PSHEQ OFF<CR>
PSHEQ ?<CR>
PSDRC AUTO<CR>
PSDRC LOW<CR>
PSDRC MID<CR>
PSDRC HI<CR>
PSDRC OFF<CR>
PSDRC ?<CR>
PSDIC UP<CR>
PSDIC DOWN<CR>
PSDIC 03<CR>
PSDIC ?<CR>
PSLEE UP<CR>
PSLFE DOWN<CR>
PSLFE 10<CR>
PSLFE ?<CR>
PSEFF UP<CR>
PSEFF DOWN<CR>
PSEFF 10<CR>
PSEFF ?<CR>
PSDEL UP<CR>
PSDEL DOWN<CR>
PSDEL 000<CR>
PSDEL ?<CR>
PSCES ON<CR>
PSCES OFF<CR>
PSCES ?<CR>
PSNEURAL ON<CR>
PSNEURAL OFF<CR>
PSNEURAL ?<CR>
PSSWR ON<CR>
PSSWR OFF<CR>
PSSWR ?<CR>
PSRSZ S<CR>
PSRSZ MS<CR>
PSRSZ M<CR>
PSRSZ ML<CR>
PSRSZ L<CR>
PSRSZ ?<CR>
PSDELAY UP<CR>
PSDELAY DOWN<CR>
PSDELAY 200<CR>
PSDELAY ?<CR>
PSRSTR OFF<CR>
PSRSTR LOW<CR>
PSRSTR MED<CR>
PSRSTR HI<CR>
PSRSTR ?<CR>
PSFRONT SPA<CR>
PSFRONT SPB<CR>
PSFRONT A+B<CR>
PSFRONT?<CR>
Z2SOURCE<CR>
Z2TUNER<CR>
Z2DVD<CR>
Z2BD<CR>
Z2TV<CR>
Z2SAT/CBL<CR>
Z2MPLAY<CR>
Z2GAME<CR>
Z2NET<CR>
Z2IRADIO<CR>
Z2SERVER<CR>
Z2FAVORITES<CR>
Z2AUX1<CR>
Z2BT<CR>
Z2USB/IPOD<CR>
Z2USB<CR>
Z2IPD<CR>
Z2IRP<CR>
Z2FVP<CR>
Z2QUICK1<CR>
Z2QUICK2<CR>
Z2QUICK3<CR>
Z2QUICK4<CR>
Z2QUICK5<CR>
Z2QUICK0<CR>
Z2QUICK1 MEMORY<CR>
Z2QUICK2 MEMORY<CR>
Z2QUICK3 MEMORY<CR>
Z2QUICK4 MEMORY<CR>
Z2QUICK5 MEMORY<CR>
Z2QUICK ?<CR>
Z2UP<CR>
Z2DOWN<CR>
Z280<CR>
Z2ON<CR>
Z2OFF<CR>
Z2?<CR>
SRCD<CR>
SRUSB DIRECT<CR>
SRIPOD DIRECT<CR>
SRSOURCE<CR>
Z2MUON<CR>
Z2MUOFF<CR>
Z2MU?<CR>
Z2SLPOFF<CR>
Z2SLP120<CR>
Z2SLP?<CR>
Z2STBY2H<CR>
Z2STBY4H<CR>
Z2STBY8H<CR>
Z2STBYOFF<CR>
Z2STBY?<CR>
TFANUP<CR>
TFANDOWN<CR>
TFAN105000<CR>
(1050.00kHz at AM)
TFAN?<CR>
TFANNAME?<CR>
TPANUP<CR>
TPANDOWN<CR>
TPAN01<CR>
(PRESET No.”01”)
TPAN?<CR>
TPANMEM<CR>
TPANMEM01<CR>
TMANAM<CR>
TMANFM<CR>
TMAN?<CR>
TMANAUTO<CR>
TMANMANUAL<CR>
NS90<CR>
NS91<CR>
NS92<CR>
NS93<CR>
NS94<CR>
NS9A<CR>
NS9B<CR>
NS9C<CR>
NS9D<CR>
NS9E<CR>
NS9F<CR>
NS9G<CR>
NS9H<CR>
NS9I<CR>
NS9J<CR>
NS9K<CR>
NS9M<CR>
NS9W<CR>
NS9X<CR>
NS9Y<CR>
NS9Z<CR>
NSRPT<CR>
NSRND<CR>
NSB00<CR>
NSC00<CR>
NSH<CR>
NSFV MEM<CR>
NSA<CR>
(Return NSA0-NSA8)
NSE<CR>
(Return NSE0-NSE8)
MNCUP<CR>
MNCDN<CR>
MNCLT<CR>
MNCRT<CR>
MNENT<CR>
MNRTN<CR>
MNOPT<CR>
MNINF<CR>
MNCHL<CR>
MNMEN ON<CR>
MNMEN OFF<CR>
MNMEN?<CR>
MNMEN ON<CR>
MNMEN OFF<CR>
MNZST ON<CR>
MNZST OFF<CR>
MNZST?<CR>
MNZST ON<CR>
MNZST OFF<CR>
SYREMOTE LOCK ON<CR>
SYREMOTE LOCK OFF<CR>
SYPANEL LOCK ON<CR>
SYPANEL+V LOCK ON<CR>
SYPANEL LOCK OFF<CR>
UGIDN<CR>
DIM BRI<CR>
DIM DIM<CR>
DIM DAR<CR>
DIM OFF<CR>
DIM SEL<CR>
DIM ?<CR>
